source,target
2563367947,6529218955
7343042580,6529218955
7290404537,6529218955
7249230086,6529218955
6892834054,6529218955
6582087265,6529218955
6242181166,6529218955
5750111375,6529218955
6531540402,6529218955
7328944311,6529218955
5647440925,6529218955
6768593071,6529218955
6986187403,6529218955
2599705043,6529218955
5573397816,6529218955
6509278477,6529218955
5309058486,6529218955
3563301530,6529218955
3952817986,6529218955
6612579736,6529218955
2315422803,6529218955
6869506871,6529218955
7040888857,6529218955
7041586073,6529218955
6965244270,6529218955
3815456758,6529218955
6693332597,6529218955
6899429714,6529218955
6937986751,6529218955
6889211680,6529218955
6064227148,6529218955
1712749894,6529218955
6384440096,6529218955
6895614215,6529218955
5450915701,6529218955
6661956199,6529218955
5212554470,6529218955
3820990965,6529218955
3837167350,6529218955
5722553988,6529218955
6347062382,6529218955
6474953275,6529218955
5136856862,6529218955
2563367947,6067621522
2563367947,2261168894
2563367947,2526386883
6067621522,2563367947
7343042580,6022478547
7290404537,3012886555
7290404537,7397663476
7290404537,7397663657
7290404537,7400401727
7290404537,7400085589
7290404537,7397354070
7290404537,7397354080
7290404537,7397354151
7290404537,7397354173
7290404537,7397354181
7290404537,7397354193
7290404537,7397663527
7290404537,7397663612
7290404537,7397663613
7290404537,7397663596
7290404537,7400456683
7290404537,7400675187
7290404537,7399890062
7290404537,7314034593
7290404537,6161695069
3012886555,7290404537
7397663657,7290404537
7397354193,7290404537
7397354181,7290404537
7397354173,7290404537
7397663612,7290404537
7397663527,7290404537
7397354151,7290404537
7397663476,7290404537
7400456683,7290404537
7400085589,7290404537
7400401727,7290404537
7397354080,7290404537
7397354070,7290404537
7397663613,7290404537
7397663596,7290404537
7400675187,7290404537
7399890062,7290404537
6161695069,7290404537
7314034593,7290404537
7249230086,7229718434
7249230086,7394317681
7249230086,6067995561
7249230086,6878306814
7249230086,7309797688
7229718434,7249230086
6036809163,7249230086
7394317681,7249230086
2304725804,7249230086
6190161265,7249230086
5939828130,7249230086
6878306814,7249230086
3847621502,7249230086
7309797688,7249230086
5591317717,7249230086
6692807697,7249230086
2824665090,7249230086
6633133279,7249230086
6806278620,7249230086
6026229965,7249230086
7264873390,7249230086
6964114120,7249230086
6798472831,7249230086
5315220766,7249230086
6751955912,7249230086
6892834054,5917299641
6892834054,7116350840
6892834054,7293860525
6892834054,6540699931
6892834054,7103154800
6892834054,6034285888
6892834054,5410338761
6892834054,6809973681
6892834054,6816290105
6892834054,6878732385
6892834054,6590324248
6892834054,6445945936
5410338761,6892834054
5917299641,6892834054
6895752083,6892834054
5619143897,6892834054
5694696312,6892834054
1939438287,6892834054
1729384931,6892834054
6816290105,6892834054
6878732385,6892834054
6590324248,6892834054
2260115822,6892834054
6445945936,6892834054
6028205615,6892834054
2624760915,6892834054
6522674359,6892834054
5407002847,6892834054
6544908388,6892834054
5850300383,6892834054
5708646983,6892834054
7018882733,6892834054
6582087265,5233058997
6582087265,6607824425
6582087265,6571430934
6582087265,6962525136
6582087265,7229802938
6582087265,7023407520
6582087265,7311446690
6582087265,6592857478
6582087265,6972295588
6582087265,6389182279
6582087265,6575620450
6582087265,5777418219
6582087265,6546309833
6582087265,7293972957
6582087265,6673081375
6582087265,6180226232
6582087265,6977954261
6582087265,6663307781
6582087265,5844603358
6582087265,6186424527
6582087265,5694072239
6582087265,5994640926
6582087265,6501137457
6582087265,6572109730
6582087265,7261040296
6582087265,6800456314
6582087265,6530343745
6582087265,7304134345
6582087265,6049825461
6582087265,6576004766
6582087265,7196291771
6582087265,6211955783
6582087265,6499054935
6582087265,6935389475
6582087265,6246043696
6582087265,7020310957
6582087265,6982259166
6582087265,6538318633
6582087265,6096280483
6582087265,6614850306
6582087265,6619225658
6582087265,7425586640
6582087265,7413180111
6582087265,6619913385
6582087265,6549263945
6582087265,6776341214
6582087265,6582199750
6582087265,6637517151
6582087265,6478331604
6582087265,6348916274
6582087265,6450820755
6582087265,6522449006
6582087265,6570496011
6582087265,6920093208
6582087265,6472175945
6582087265,6150492219
6582087265,6520158906
6582087265,6971798816
6582087265,6571551613
6582087265,7325385922
6571430934,6582087265
7229802938,6582087265
6962525136,6582087265
6607824425,6582087265
7023407520,6582087265
7311446690,6582087265
6592857478,6582087265
6972295588,6582087265
5233058997,6582087265
6977954261,6582087265
6389182279,6582087265
6575620450,6582087265
6663307781,6582087265
7261040296,6582087265
6546309833,6582087265
5777418219,6582087265
7293972957,6582087265
6673081375,6582087265
6180226232,6582087265
6186424527,6582087265
6242181166,3232816362
6242181166,5315220766
6242181166,7347414871
5750111375,6515540999
5750111375,6782438159
5750111375,6538399286
5750111375,6134332590
5750111375,6436406080
5750111375,6446624042
5750111375,6344550934
5750111375,7438219134
5750111375,7364065267
6531540402,6533894546
7328944311,6598072442
7328944311,6102902214
7328944311,7006343205
7328944311,6859949892
7328944311,6885732860
7328944311,6718183638
7325897615,7328944311
6189354870,7328944311
6315687029,7328944311
3932501721,7328944311
6859949892,7328944311
6102902214,7328944311
7006343205,7328944311
7187162480,7328944311
5646473715,7328944311
6885732860,7328944311
7339657229,7328944311
6864481415,7328944311
6590324248,7328944311
6744268152,7328944311
7278598295,7328944311
6553522156,7328944311
6866987438,7328944311
7055746683,7328944311
5647440925,5118606182
5647440925,6468576636
5647440925,3590928495
5647440925,6575883913
6986187403,6442543337
6986187403,5603305189
6986187403,6923640688
6986187403,6258370203
2599705043,7367948990
2599705043,6605147337
2599705043,6212408547
2599705043,6859715291
2599705043,7221073606
2599705043,6963064074
2599705043,6089345471
2599705043,6035757808
2599705043,6568808560
2599705043,2672182155
2599705043,2450673044
2599705043,3101325397
2599705043,2998799797
7350583588,2599705043
1651061981,2599705043
6287459755,2599705043
6979894904,2599705043
7393428519,2599705043
7411688363,2599705043
6963064074,2599705043
7367948990,2599705043
6212408547,2599705043
6571603822,2599705043
6859715291,2599705043
6633940112,2599705043
6417420607,2599705043
6089345471,2599705043
2998799797,2599705043
6568808560,2599705043
3101325397,2599705043
2450673044,2599705043
2672182155,2599705043
6035757808,2599705043
7284655367,5573397816
2983878734,5573397816
3800888558,5573397816
5834543676,5573397816
7459529293,5573397816
2366705183,5573397816
7340436885,5573397816
7214568353,5573397816
7067758304,5573397816
7220059498,5573397816
7116350840,5573397816
5206945510,5573397816
6323180320,5573397816
7314485051,5573397816
7302287423,5573397816
5184615382,5573397816
6597053324,5573397816
5814522194,5573397816
7354693910,5573397816
6067995561,6509278477
5514651065,5309058486
6528251903,5309058486
3563301530,5309058486
6890158475,5309058486
5148685042,5309058486
6589926624,5309058486
2892820193,5309058486
6330195246,5309058486
6589974647,5309058486
3982638023,5309058486
6222077618,5309058486
6259877837,5309058486
5903932776,3563301530
1010584512,3563301530
5982999466,3563301530
5994803487,3563301530
7202165889,3563301530
2250990433,3563301530
5214069879,3563301530
3938944276,3563301530
7409642768,3563301530
7370411197,3563301530
7374612586,3563301530
3960533472,3563301530
6989149627,3563301530
5612355197,3563301530
6074348360,3563301530
1985323154,3563301530
6017341046,3563301530
6662716941,3563301530
2702462273,3563301530
6474798178,3563301530
6601760690,3952817986
6597053324,3952817986
2636639725,3952817986
1778329255,3952817986
1583938692,3952817986
1583121453,3952817986
2805259454,3952817986
2919711642,3952817986
1584064104,3952817986
1589686770,3952817986
2920157932,3952817986
2920415510,3952817986
2919799754,3952817986
3043658692,3952817986
1777471694,3952817986
2789857120,3952817986
2920530160,3952817986
3045411050,3952817986
2803729604,3952817986
3043665180,3952817986
7376033860,6612579736
7003689909,6612579736
6605147337,6612579736
6348377231,6612579736
6874750714,6612579736
7276463016,6612579736
5826013266,6612579736
2128787901,6612579736
6474953275,6612579736
6691945292,6612579736
6474576196,6612579736
6347181983,6612579736
6900042802,6612579736
6923049212,6612579736
6505846123,6612579736
6460657803,6612579736
6923118654,6612579736
5136856862,6612579736
6347062382,6612579736
7040101920,6612579736
6622536320,6631780617
2473223860,6631780617
7312381486,6631780617
7456416399,6631780617
7411527114,6631780617
6896952392,6631780617
6232549202,6631780617
6575382605,6631780617
1801270387,6631780617
1824548433,6631780617
5393028379,6631780617
6895103112,6631780617
6477975889,6631780617
7293523020,6631780617
6929759067,6631780617
6289122899,6631780617
6525483543,6631780617
7279389624,6631780617
6554792910,6631780617
6084132174,6631780617
6631780617,6631780617
6559203183,6631780617
7081579538,6543218899
7081579538,6529218955
5234479925,7081579538
6543218899,7081579538
6620171280,7081579538
7375730481,7081579538
7058639271,7081579538
6924826517,7081579538
6869635005,7081579538
7324558170,7081579538
7040173495,7081579538
6093368189,7081579538
5963989188,7081579538
6587233488,7081579538
6859581377,7331016347
6859581377,5907983151
6859581377,6622395790
6859581377,1967149003
6859581377,6719952315
6859581377,7245699554
6859581377,6660070716
6859581377,5242168886
6859581377,6529218955
6660070716,6859581377
6622395790,6859581377
7245699554,6859581377
7277189014,6859581377
7331016347,6859581377
6691263860,6859581377
6489041050,6859581377
3204713113,6859581377
7204386571,6859581377
6791011271,6859581377
6567432656,6859581377
6615514647,6859581377
1967149003,6859581377
6784316653,6859581377
5242168886,6859581377
6719952315,6859581377
6940101880,6859581377
6924815170,6859581377
5030822093,6859581377
6639097265,6859581377
5229313742,6900848129
7283520674,6900848129
7284598436,6900848129
7314693596,6900848129
6140868128,6900848129
6590605444,6900848129
5672685534,6900848129
7156701573,6900848129
6074644320,6900848129
6073846972,6900848129
6357828838,6900848129
6222509107,6900848129
1531592332,1393078401
1531592332,6972944683
1531592332,6529218955
1531592332,6003463624
1531592332,6478560561
1531592332,3860988660
1531592332,5718776553
1531592332,6319002335
1531592332,6522612508
1531592332,6545380315
1531592332,6563198270
1393078401,1531592332
6972944683,1531592332
6478560561,1531592332
3860988660,1531592332
6319002335,1531592332
5718776553,1531592332
6522612508,1531592332
6563198270,1531592332
6545380315,1531592332
6536044323,1531592332
7380449877,1531592332
7285155576,1531592332
6195291323,1531592332
3963161753,1531592332
7285355779,1531592332
6924849083,1531592332
6923110900,1531592332
7076424484,1531592332
7152862335,1531592332
6462725347,1531592332
6900042802,5963358755
6900042802,6247743842
6900042802,7116018479
6900042802,2181447641
6900042802,5721798865
6900042802,6529218955
6900042802,2240079881
6900042802,5261156209
6900042802,7203235483
6900042802,6522043594
6900042802,7225648576
6900042802,2775654317
6900042802,6576894581
6900042802,6130553109
6900042802,7323013517
6900042802,6896420249
6900042802,5454105402
6900042802,6809973681
6900042802,5626324702
6900042802,7296625210
6900042802,5997617203
5721798865,6900042802
2181447641,6900042802
5963358755,6900042802
6247743842,6900042802
7116018479,6900042802
6444435456,6900042802
5261156209,6900042802
2240079881,6900042802
7203235483,6900042802
6522043594,6900042802
7225648576,6900042802
1978983342,6900042802
6577698338,6900042802
5569111675,6900042802
2775654317,6900042802
6576894581,6900042802
6643858133,6900042802
6763673864,6900042802
6130553109,6900042802
7323013517,6900042802
6900042802,6900042802
6493031689,5284095522
6493031689,6529218955
7202757561,6493031689
7209675951,6493031689
7341014018,6493031689
6749343871,6493031689
7226680460,6493031689
5455618225,6493031689
6811585295,6493031689
6562118415,6493031689
5284095522,6493031689
6835025178,6493031689
6559203183,6493031689
6603800445,6493031689
7314581310,6493031689
5573397816,6493031689
7225732792,6493031689
6190166296,6493031689
5038129500,6493031689
6187201860,6493031689
5666850126,6493031689
6017384566,6493031689
5626324702,6597053324
5626324702,6718183638
5626324702,5663887246
5626324702,2636639725
5626324702,7300793908
5626324702,6529218955
5626324702,6540699931
5626324702,1111678824
5626324702,6480656624
5626324702,6303392348
5626324702,2020710153
5626324702,6601866304
5626324702,1377448687
5626324702,7006277989
5626324702,7006278377
5626324702,6102910398
5626324702,6981141975
5626324702,6859204656
5626324702,6086236019
5626324702,6676012063
5626324702,5428460010
5626324702,6524124751
5626324702,6544908388
5626324702,7301397666
5626324702,6900042802
5626324702,6839002588
5626324702,6331204133
5626324702,5189843960
5626324702,3713482021
5626324702,6626415304
5626324702,2290973964
5626324702,6079565845
5626324702,5973319047
5626324702,6295627602
5626324702,5935412351
5626324702,5966827924
3205097522,5626324702
1088908201,6694470149
1088908201,7287544119
1088908201,3861020052
1088908201,6547380717
1088908201,5096383765
1088908201,6660990707
1088908201,6979333101
1088908201,2705409913
1088908201,6259349797
1088908201,6471112467
1088908201,6067995561
1088908201,7326418975
1088908201,6691263860
1088908201,1318138681
1088908201,6003463624
1088908201,6303392348
1088908201,6809973681
1088908201,6162511924
1088908201,7322847570
1088908201,1038232404
1088908201,6529218955
1088908201,6519865993
1088908201,6505846123
1088908201,7326430482
6242953198,1088908201
6519865993,1088908201
7112086432,1088908201
5532556209,1088908201
6428709118,1088908201
7160641656,1088908201
6284034593,1088908201
6786452930,1088908201
5945677884,1088908201
5941332152,1088908201
5945953651,1088908201
5945300500,1088908201
6694470149,1088908201
7187344074,1088908201
6518134035,1088908201
6281646277,1088908201
6014572644,1088908201
5365077344,1088908201
6526730542,1088908201
6733525803,1088908201
6606349558,5500578571
6606349558,6628152232
6606349558,3211201884
6606349558,3310764867
6606349558,6588598388
6606349558,6460737080
6606349558,6549263945
6606349558,5973319047
6606349558,6975144892
6606349558,5804722903
6606349558,7238153463
6606349558,6505846123
6606349558,6582633685
6606349558,6577587526
6606349558,6534263419
6606349558,6606056689
6606349558,7315086965
6606349558,7339126957
6606349558,6289111400
6606349558,6606986966
6606349558,6606981467
6606349558,6438043310
6606349558,6540699931
6606349558,1111678824
6606349558,6529218955
6606349558,6474576196
6606349558,6571140936
6606349558,6500130670
6606349558,1853590434
6606349558,6840063621
6606349558,6675091644
6606349558,6480509904
6606349558,2636639725
6606349558,6558341379
6606349558,7004412910
6606349558,7317419884
6606349558,6495435622
6606349558,5915773274
6606349558,6646424971
6606349558,7276912012
6606349558,6331491308
6606349558,6798472831
6606349558,6859950754
6606349558,6859204656
6460737080,6606349558
5500578571,6606349558
6646424971,6606349558
5915773274,6606349558
6628152232,6606349558
6588598388,6606349558
3310764867,6606349558
6975144892,6606349558
6549263945,6606349558
6859950754,6606349558
5804722903,6606349558
6859204656,6606349558
6507937169,6606349558
7350491002,6606349558
6495435622,6606349558
7238153463,6606349558
6582633685,6606349558
6505846123,6606349558
6534263419,6606349558
3211201884,6606349558
5318472909,6529218955
5318472909,3509238002
5990480700,5318472909
7039921415,5318472909
5989566745,5318472909
7202048873,5318472909
6241367183,5318472909
2953678035,5318472909
3509238002,5318472909
3808018474,5318472909
6893282379,5318472909
6609600352,5318472909
5536328577,5318472909
2919854830,5318472909
1765949505,5318472909
3303635191,5318472909
5232500283,5318472909
5694777744,5318472909
2619632981,5318472909
3269917492,6606986966
3269917492,6606981467
6606981467,3269917492
6606349558,3269917492
7328944311,3269917492
6026229965,3269917492
6417760876,6874750714
6417760876,6675091644
6417760876,6192253508
6417760876,6529218955
6417760876,6786452930
6417760876,6417760876
6676469365,6733028770
6676469365,6529218955
6676469365,6539668339
6676469365,6540699931
6676469365,6493076170
6676469365,6604316539
6676469365,5319484212
6676469365,6509569545
6539668339,6733028770
5319484212,6733028770
6493076170,6733028770
6604316539,6733028770
6540699931,6733028770
6529218955,6733028770
6574438231,6733028770
6574435132,6733028770
5916984426,6540560793
5916984426,6529218955
6347062382,6652737792
6509392064,5814522194
6525428089,6067995561
6495919094,6529218955
6331123467,6495919094
5186237845,6509392064
6604316539,6067995561
6130553109,6604316539
6574435132,6540699931
6574435132,5319484212
6574435132,6493076170
6574435132,6509569545
5327000422,6539668339
6480656624,6539668339
6003463624,6539668339
6691263860,6539668339
6509569545,6604316539
6509569545,6086236019
6509569545,6733028770
6086236019,6509569545
5319484212,6067995561
5319484212,6522674359
5319484212,6604316539
6582087265,6540699931
6446624042,6022478547
7400401727,3012886555
7400675187,3012886555
7399890062,3012886555
6154096899,3012886555
7397354173,7397354181
7397354173,7397354193
7397354173,7397663657
7397354173,7397663476
7397354173,7400085589
7397354173,7400401727
7397354173,7397354070
7397354173,7397354080
7397354173,7397354151
7397354173,7397663527
7397354173,7397663596
7397354173,7397663612
7397354173,7397663613
7397354173,7400456683
7397354173,7399890062
7397354173,7400675187
7397354173,6154096899
7397663612,7397354173
7397663612,7397354181
7397663612,7397354193
7397663612,7397663657
7397663612,7397663476
7397663612,7400085589
7397663612,7400401727
7397663612,7397354070
7397663612,7397354080
7397663612,7397354151
7397663612,7397663527
7397663612,7397663596
7397663612,7397663613
7397663612,7399890062
7397663612,7400456683
7397663612,7400675187
7397663612,6154096899
7397663527,7397663612
7397663527,7397354173
7397663527,7397354181
7397663527,7397354193
7397663527,7397663657
7397663527,7400085589
7397663527,7400401727
7397663527,7397354151
7397663527,7397663596
7397663527,7397663613
7397663527,7400456683
7397663527,7400675187
7397663527,7399890062
7397663527,6154096899
7397354151,7397354080
7397354151,7397663527
7397354151,7397663612
7397354151,7397354173
7397354151,7397354181
7397354151,7397354193
7397354151,7397663657
7397354151,7397354070
7397354151,7397663596
7397354151,7397663613
7397354151,7400456683
7397354151,7400675187
7397354151,7399890062
7397354151,6154096899
7397663476,7397354070
7397663476,7397663612
7397663476,7397354173
7397663476,7397354181
7397663476,7397354193
7397663476,7397663657
7397663476,6154096899
7400456683,7400085589
7400456683,7397663596
7400456683,7397663613
7400456683,7397354070
7400456683,7397354151
7400456683,7397663527
7400456683,7397663612
7400456683,7397354173
7400456683,7397354181
7400456683,7397663657
7400456683,7397354193
7400456683,7399890062
7400456683,7400675187
7400456683,6154096899
7400085589,7400456683
7400085589,7397663613
7400085589,7397354070
7400085589,7397663612
7400085589,7397663527
7400085589,7397354181
7400085589,7397354173
7400085589,7397663657
7400085589,7397354193
7400085589,6154096899
7400401727,7397663613
7400401727,7397663527
7400401727,7397663612
7400401727,7397354173
7400401727,7397354181
7400401727,7397354193
7400401727,7397663657
7400401727,7399890062
7400401727,7400675187
7400401727,6154096899
7397354080,7397663657
7397354080,7397663612
7397354080,7397354181
7397354080,7397354173
7397354080,7397354193
7397354080,7397354070
7397354080,7397354151
7397354080,7397663596
7397354080,7397663613
7397354080,7400675187
7397354080,7399890062
7397354080,6154096899
7397354070,7397663657
7397354070,7397354193
7397354070,7397354181
7397354070,7397354173
7397354070,7397663612
7397354070,7397354080
7397354070,7397354151
7397354070,7397663476
7397354070,7397663596
7397354070,7400456683
7397354070,7400085589
7397354070,7397663613
7397354070,7399890062
7397354070,7400675187
7397354070,6154096899
7397663613,7397354070
7397663613,7397354080
7397663613,7397354151
7397663613,7397663527
7397663613,7397663612
7397663613,7397354173
7397663613,7397354193
7397663613,7397663657
7397663613,7400401727
7397663613,7400085589
7397663613,7397663596
7397663613,7399890062
7397663613,7400456683
7397663613,7400675187
7397663613,6154096899
7397663596,7397663613
7397663596,7397354070
7397663596,7397354151
7397663596,7397354080
7397663596,7397663527
7397663596,7397663612
7397663596,7397354173
7397663596,7397354181
7397663596,7397354193
7397663596,7397663657
7397663596,7400456683
7397663596,6154096899
7400675187,7400401727
7400675187,7400456683
7400675187,7397663613
7400675187,7397354070
7400675187,7397354151
7400675187,7397354080
7400675187,7397663527
7400675187,7397663612
7400675187,7397354173
7400675187,7397354181
7399890062,7400675187
7399890062,7400401727
7399890062,7400456683
7399890062,7397663613
7399890062,7397354070
7399890062,7397354151
7399890062,7397354080
7399890062,7397663527
7399890062,7397663612
7399890062,7397354173
7399890062,7397354181
7399890062,7397354193
7399890062,7397663657
7399890062,6154096899
6161695069,6154096899
6154096899,7397663527
6154096899,7397354181
6154096899,7397663657
6154096899,7397354193
6154096899,7397663613
6154096899,7397354151
6154096899,7397354070
6154096899,7397663596
6154096899,7397354173
6154096899,7397663612
6154096899,7399890062
6154096899,7400675187
6154096899,7400401727
6154096899,7400456683
6154096899,7397354080
6154096899,7400085589
6154096899,6161695069
6154096899,6936293747
6154096899,7290404537
7397663657,6154096899
7397354193,6154096899
7397354181,6154096899
7290404537,6785955517
6154096899,6785955517
6785955517,6785955517
6936293747,6785955517
6878306814,6471112467
6878306814,6616933342
6878306814,5454105402
6878306814,6691263860
6878306814,5815692304
6616933342,6878306814
5815692304,6878306814
6691263860,6878306814
3847621502,5721798865
3847621502,6722669824
5721798865,3847621502
7309797688,7309797688
5591317717,5315220766
5591317717,6036809163
5591317717,6523905982
5591317717,7187162480
5315220766,5591317717
5233058997,5591317717
6036809163,5591317717
2824665090,6518134035
6859204656,6026229965
5206945510,6026229965
1978983342,6026229965
5944608846,6026229965
7264873390,7264873390
6751955915,7249230086
7019706465,7249230086
3162669321,7023407520
3162669321,6619225658
3162669321,6438043310
3162669321,6675091644
3861020052,5619143897
6981141975,5619143897
6585504054,5694696312
1729384931,6445945936
1729384931,5694696312
1729384931,6490372753
1729384931,2624760915
1729384931,6298366394
5619143897,1729384931
5694696312,1729384931
6816290105,6878732385
6816290105,6816290105
6733525803,6816290105
6524124751,6816290105
2020710153,6878732385
6878732385,6878732385
6590324248,6428709118
6590324248,5038129500
6590324248,6102910398
6428709118,6590324248
2260115822,5708646983
2260115822,5407002847
2260115822,6445945936
6445945936,6298366394
6445945936,7103154800
6445945936,3319077882
6445945936,6067995561
6445945936,6522674359
6445945936,1729384931
6445945936,5407002847
6028205615,5233058997
6028205615,6681751468
6613584337,6028205615
2624760915,1729384931
2624760915,6445945936
2624760915,2260115822
2624760915,6522674359
2624760915,6034285888
2624760915,5850300383
6522674359,6445945936
6522674359,6034285888
6522674359,5319484212
6522674359,6613584337
6522674359,7103154800
6522674359,6490372753
6522674359,5619143897
6522674359,2624760915
5407002847,6298366394
5407002847,6522674359
5407002847,6067995561
5407002847,5718776553
6298366394,5407002847
6490372753,5407002847
7103154800,5407002847
5407002847,5407002847
6884467313,5407002847
6544908388,1377448687
6544908388,6896420249
6544908388,5591317717
1377448687,6544908388
5850300383,6003463624
5850300383,6030901173
5850300383,6067995561
5233058997,5850300383
5708646983,6140868128
5708646983,7221073606
5708646983,6490372753
5708646983,2260115822
5708646983,6445945936
5708646983,6613584337
5708646983,6034285888
7221073606,5708646983
6140868128,5708646983
6490372753,5708646983
6445945936,5708646983
6613584337,5708646983
6892834054,5708646983
6616933342,5708646983
6906607595,5708646983
6034285888,5708646983
6736122379,5708646983
6298366394,5708646983
3118472937,5708646983
6074349780,5708646983
2283584743,5708646983
5984421315,5708646983
6888481697,5708646983
7293860525,5708646983
7018882733,5663887246
7018882733,6505846123
7018882733,6519865993
7018882733,5428460010
7018882733,1038232404
6519865993,7018882733
6505846123,7018882733
1038232404,7018882733
7221073606,6519865993
7221073606,6811585295
7221073606,6718183638
6519865993,7221073606
6616933342,6303392348
6616933342,1038232404
1038232404,6616933342
6471112467,6616933342
6884467313,6616933342
6906607595,6616933342
6906607595,6892834054
6906607595,6613584337
6906607595,7221073606
6906607595,7018882733
6140868128,6722669824
6140868128,6460737080
6140868128,7315086965
6140868128,2636639725
7315086965,6140868128
3861020052,6140868128
6490372753,7103154800
6490372753,6445945936
6490372753,5694696312
6490372753,2260115822
6490372753,6892834054
6613584337,6490372753
6034285888,7103154800
6034285888,6445945936
6034285888,5619143897
6034285888,5694696312
6034285888,6613584337
6034285888,6892834054
6034285888,6490372753
6034285888,2624760915
6034285888,6298366394
5619143897,6034285888
6445945936,6034285888
2260115822,6034285888
6613584337,6034285888
5694696312,6034285888
6736122379,6892834054
6736122379,5850300383
6736122379,6490372753
6613584337,6067995561
6613584337,6606986966
6613584337,2636639725
6613584337,7160641656
6613584337,2260115822
6613584337,6445945936
2746344501,6613584337
6571949164,6613584337
7160641656,6613584337
6298366394,6445945936
6298366394,5850300383
6298366394,6613584337
6298366394,6490372753
6298366394,6892834054
6298366394,2260115822
5850300383,6298366394
6585504054,6298366394
7300793908,7293860525
7221073606,7293860525
6616933342,7293860525
6906607595,7293860525
6140868128,7293860525
6490372753,7293860525
6034285888,7293860525
6736122379,7293860525
6613584337,7293860525
6298366394,7293860525
3118472937,7293860525
6074349780,7293860525
2283584743,7293860525
5984421315,7293860525
6888481697,7293860525
7293860525,7293860525
6563198270,6571430934
7023407520,6211955783
7023407520,5233058997
7023407520,6538399286
7023407520,5844603358
7023407520,3162669321
6211955783,7023407520
7311446690,6499054935
7311446690,6614850306
6499054935,7311446690
6592857478,6067995561
6972295588,2702462273
5233058997,7023407520
5233058997,6935389475
7261040296,6067995561
7261040296,7413180111
6546309833,6538318633
6546309833,7325385922
6546309833,7020310957
6538318633,6546309833
7293972957,6673081375
7293972957,6570496011
6673081375,7293972957
6673081375,5994640926
6673081375,6499054935
6673081375,6570496011
6673081375,6592857478
6673081375,6576004766
5844603358,7023407520
5694072239,6582087265
5694072239,7220059498
7220059498,5694072239
6800456314,6582087265
5994640926,6673081375
5994640926,6570496011
6530343745,6582087265
7196291771,6530343745
6572109730,6582087265
6576004766,6582087265
6501137457,6582087265
6501137457,6067995561
7196291771,6582087265
6049825461,6582087265
6049825461,6571140936
6571140936,6049825461
7023407520,6049825461
7304134345,6582087265
6538318633,6523905982
6538318633,6582087265
6523905982,6538318633
6538318633,6538318633
6211955783,6538399286
6211955783,6515540999
6211955783,6582087265
5569111675,6211955783
5994640926,6211955783
6499054935,6619225658
6499054935,6673081375
6499054935,6582087265
6619225658,6499054935
6982259166,6571551613
6982259166,6582087265
6571551613,6982259166
7020310957,6582087265
7020310957,7020310957
6246043696,6582087265
6935389475,6348916274
6935389475,6570496011
6935389475,6571551613
6935389475,6582087265
6096280483,6096280483
6614850306,5994640926
6614850306,6582087265
6614850306,7311446690
5994640926,6614850306
6619225658,6067995561
6619225658,3162669321
7425586640,6582087265
7413180111,7261040296
7413180111,6619913385
7413180111,6582087265
6619913385,7413180111
6619913385,6582087265
6619913385,7229802938
6776341214,6582087265
6549263945,6582087265
6582199750,6571551613
6637517151,6582087265
6637517151,5603305189
6637517151,6570496011
6637517151,6546309833
6450820755,6582087265
6348916274,6935389475
6982259166,6348916274
6520158906,6582087265
6920093208,6582087265
6920093208,6067995561
6570496011,5994640926
6570496011,6538399286
6570496011,6284034593
6150492219,6582087265
6472175945,6582087265
6571551613,6935389475
6571551613,6582199750
6571551613,6582087265
6900235830,6571551613
7325385922,6546309833
7325385922,6582199750
7325385922,6592857478
7325385922,6582087265
7325385922,7020310957
3232816362,6067995561
3232816362,6242181166
6446624042,5750111375
6446624042,6284034593
6212408547,6446624042
6436406080,5750111375
6344550934,5750111375
6134332590,6515540999
6134332590,5750111375
6515540999,6134332590
6134332590,6134332590
6523905982,6134332590
3162669321,6134332590
6782438159,6538399286
6782438159,5750111375
7035715452,5750111375
7035715452,6186424527
7364065267,5750111375
7312688069,6533894546
6218357230,6531540402
6577343339,6067995561
6577343339,6531540402
6577343339,6577343339
2526386883,6604012775
2261168894,6604012775
7311446690,6604012775
7312381486,6859949892
6859950754,6859949892
6859949892,6859949892
7187162480,5591317717
6884467313,6885732860
6885732860,6885732860
6798472831,6885732860
2261168894,6885732860
6864481415,6474576196
6864481415,6861132061
6864481415,5944608846
7328944311,6864481415
5944608846,6864481415
6861132061,6864481415
6474576196,6864481415
6874750714,6864481415
6744268152,6067995561
6438043310,6744268152
6130553109,6744268152
7328944311,6744268152
7328944311,7278598295
6553522156,5944608846
6553522156,5428460010
5428460010,6553522156
5944608846,6553522156
6866987438,6718183638
6866987438,7315086965
5118606182,5647440925
5118606182,5189843960
6468576636,5647440925
3590928495,5647440925
6575883913,6660070716
6575883913,6480656624
6575883913,5647440925
1923409733,5647440925
6768593071,5815692304
6505220170,6768593071
6768593071,6505220170
5327000422,6811585295
6852399498,6768593071
7350583588,6538399286
7350583588,6067995561
7350583588,6576004766
6979894904,6067995561
6212408547,2705409913
6631780617,6212408547
2998799797,7324227506
3101325397,7324227506
3101325397,2450673044
3101325397,2672182155
3101325397,2998799797
5030822093,3101325397
2450673044,7324227506
2672182155,7324227506
7330076027,2672182155
5404960280,6048474328
5404960280,2599705043
6392706465,5668664377
2599705043,6392706465
5668664377,6392706465
5825659613,2599705043
5825659613,6067995561
5338343147,2599705043
6519227254,2599705043
6331123467,6195345658
6567432656,6331123467
6195345658,6331123467
6471112467,6592274981
2599705043,6592274981
3166451930,2599705043
5079405452,2599705043
2599705043,3044004234
5990294023,2599705043
5983427647,5983427647
3815456758,5983427647
2292102647,2599705043
7340436885,7220059498
7067758304,6067995561
7220059498,7340436885
6571430934,7116350840
5206945510,7239094773
5573397816,5206945510
5206945510,5206945510
5573397816,6323180320
5528190190,6323180320
6180678166,6323180320
2274841294,6323180320
6828271282,6323180320
5684386523,6323180320
6923513829,6323180320
6923226838,6323180320
3066189552,6323180320
6195194034,6323180320
6523905982,6323180320
6986230311,6323180320
6575173808,6323180320
5886500462,6323180320
5355295871,6323180320
7093502733,6323180320
6852775347,6323180320
3285540115,6323180320
2871034474,6323180320
2618791451,6323180320
1849245092,6323180320
5573397816,5184615382
6597053324,6067995561
6597053324,6575173808
6597053324,5626324702
6597053324,6195145046
6597053324,3319077882
5573397816,6597053324
3952817986,6597053324
6575173808,6597053324
2634338191,6597053324
5814522194,6509392064
5814522194,5528190190
6534263419,5814522194
6428709118,7354693910
5573397816,7354693910
6509278477,7354693910
7326430482,7354693910
5528190190,5573397816
5528190190,5814522194
6180678166,6067995561
5684386523,6792296271
5684386523,5573397816
5684386523,1978983342
5684386523,6643858133
5684386523,6631780617
1632158584,5684386523
6923513829,6923513829
6923226838,6923226838
6884467313,6575173808
3285540115,1318138681
6259349797,1849245092
6517824988,5573397816
5573397816,6105819183
5544888154,6509278477
6574135119,5544888154
1377448687,6428709118
6428709118,6428709118
5091578752,5091578752
6471112467,6428709118
6471112467,6509278477
6471112467,1088908201
6471112467,6162511924
6471112467,1632158584
6471112467,6195145046
6471112467,6519865993
6471112467,5138581344
6471112467,1978983342
6471112467,6691263860
7103154800,6509278477
7103154800,6445945936
6613584337,7103154800
1729384931,7103154800
6681054704,6509278477
2401576022,1377448687
2401576022,6509278477
6428709118,2401576022
1377448687,2401576022
6509278477,2401576022
5544888154,2401576022
3319077882,2401576022
6692499506,2401576022
6589681470,2401576022
6487944693,2401576022
5660550147,2401576022
6611308697,2401576022
2299300381,2401576022
5258503297,2401576022
5091578752,2401576022
6067995561,2401576022
6195134030,2401576022
6158234729,2401576022
6574135119,2401576022
6765738661,2401576022
6032709179,2401576022
6471112467,2401576022
5514901616,2401576022
7103154800,2401576022
6537557440,6509278477
6537557440,7277149259
6537557440,3932501721
6537557440,6681751468
6428709118,6537557440
6131116454,6428709118
6131116454,6509278477
6428709118,6131116454
6509278477,6131116454
6428709118,2669012691
6509278477,2669012691
6509278477,6819062352
6190162173,5284095522
6190162173,5528190190
6190162173,6509278477
5977638946,6509278477
5977638946,6900235830
6002565760,5514651065
3563301530,5514651065
3563301530,1010584512
3563301530,2250990433
3563301530,3960533472
3563301530,6989149627
1985323154,5963358755
1985323154,6518134035
3563301530,6662716941
2702462273,1967149003
6378880322,3563301530
6366428395,3563301530
5763103432,3563301530
3563301530,5967588251
6161695069,5967588251
6936293747,5967588251
7300793908,5967588251
6626415304,5967588251
3563301530,6002565760
5108610343,3563301530
3168372770,3563301530
3168372770,3168372770
5822885846,3563301530
6209790663,3563301530
3563301530,6209790663
3083356614,3563301530
7076337334,3563301530
7336397471,2636639725
1238297255,2636639725
3952817986,2636639725
6303392348,2636639725
2636639725,2636639725
1088908201,2636639725
6631780617,2636639725
6331204133,2636639725
6839094479,2636639725
6626415304,2636639725
3713482021,2636639725
5966827924,2636639725
6406592045,2636639725
5935412351,2636639725
6295627602,2636639725
5973319047,2636639725
6585504054,2636639725
6079565845,2636639725
6331491308,2636639725
7239094773,2636639725
6607899007,2636639725
5782663903,2636639725
3195597934,2636639725
5138581344,2636639725
7246794020,2636639725
6858782097,2636639725
1583121453,1583121453
1589686770,1589686770
2920415510,2920415510
2920561822,2920561822
1583074153,1583074153
6605147337,5671049614
6605147337,6567432656
6605147337,7004412910
2634338191,6605147337
5233058997,6605147337
6028205615,6605147337
6348377231,6067995561
6612579736,5826013266
2128787901,2261168894
2128787901,5963358755
6612579736,2128787901
2315422803,2128787901
6869506871,2128787901
7040888857,2128787901
7041586073,2128787901
6965244270,2128787901
3815456758,2128787901
6693332597,2128787901
6899429714,2128787901
6937986751,2128787901
6889211680,2128787901
6064227148,2128787901
1712749894,2128787901
6384440096,2128787901
6895614215,2128787901
5450915701,2128787901
6661956199,2128787901
5212554470,2128787901
3820990965,2128787901
3837167350,2128787901
5722553988,2128787901
6347062382,2128787901
6474953275,2128787901
5136856862,2128787901
6474953275,6477975889
6474953275,6347062382
6474953275,5136856862
6474953275,5722553988
6130553109,6474576196
1632158584,6505846123
6612579736,5136856862
5722553988,5136856862
5136856862,5136856862
5591317717,5136856862
6889211680,6612579736
1712749894,6612579736
6384440096,6612579736
5450915701,6067995561
6295627602,5450915701
6900235830,5450915701
6691945292,5722553988
6460657803,5722553988
5722553988,5722553988
6295627602,5722553988
6859949892,7312381486
5671049614,7312381486
7326255387,7312381486
5365077344,6896952392
1801270387,1801270387
6631780617,1824548433
6631780617,6895103112
6030901173,6895103112
6477975889,6295627602
6477975889,6474953275
6477975889,6534263419
6929759067,3319077882
6929759067,5206945510
6067995561,6929759067
6525483543,6477975889
6525483543,5090371143
6525483543,6984784935
6525483543,6329847202
6525483543,6228996113
6525483543,6192253508
6525483543,7312688069
6984784935,6525483543
6329847202,6525483543
6631780617,6525483543
6228996113,6525483543
7279389624,6737502021
7279389624,7326430482
7279389624,6676012063
6631780617,6554792910
6084132174,6594063707
6084132174,6549180247
6428709118,6084132174
3122564202,5719238757
3122564202,6631780617
3122564202,6067995561
6895103112,3122564202
3477730300,3122564202
6556916674,3122564202
5318472909,5663887246
7340133011,3477730300
1967149003,3866819060
6681751468,6329847202
6030901173,6329847202
6631780617,6329847202
6192253508,6329847202
6594063707,6329847202
6884467313,6329847202
6549180247,6965821512
6631780617,7312695419
5428460010,7312695419
7333596118,6631780617
7324227506,6631780617
5090371143,6273300250
5090371143,6984784935
5090371143,6631780617
6516502871,6598072442
6516502871,6631780617
6516502871,2654194677
6516502871,6549180247
6598072442,7312688069
6598072442,6346272224
6598072442,6516502871
6598072442,6192253508
6598072442,6631780617
6598072442,6984784935
6598072442,6019532424
6598072442,6524679501
6598072442,6594063707
7312688069,6598072442
2020710153,6598072442
6681751468,6192253508
6681751468,7312688069
6681751468,6594063707
6681751468,6028205615
6681751468,6631780617
6681751468,6984784935
6329847202,6681751468
6549180247,6346272224
6549180247,7312688069
6549180247,6631780617
6549180247,6019532424
6549180247,6594063707
6549180247,6516502871
6549180247,6984784935
6549180247,5090371143
6549180247,6192253508
6689547452,6019532424
6689547452,6528690527
6689547452,6984784935
6689547452,6594063707
6689547452,5719238757
6689547452,1801270387
6689547452,6631780617
6689547452,5090371143
6689547452,6895103112
6689547452,6228996113
6689547452,6929759067
6689547452,6901256861
6984784935,6689547452
6594063707,6689547452
6631780617,6689547452
6560853149,3477730300
6560853149,6631780617
5719238757,6273300250
5719238757,3122564202
5719238757,6631780617
5719238757,6116619470
5860442435,5090371143
5860442435,6594063707
5860442435,6273300250
5860442435,6631780617
5860442435,5393028379
7299553756,7239094773
7299553756,5393028379
7299553756,6631780617
7239094773,7299553756
6631780617,7299553756
6984784935,6900235830
6984784935,5860442435
6984784935,5090371143
6984784935,6895103112
6984784935,6019532424
6984784935,6631780617
6984784935,6681751468
6984784935,6598072442
6984784935,6116619470
6984784935,5719238757
6900235830,6984784935
6273300250,6192253508
6273300250,5860442435
6273300250,6631780617
6273300250,5719238757
6273300250,6519865993
6273300250,6984784935
6273300250,5090371143
6067995561,6273300250
6968969674,6631780617
6631780617,6968969674
6594063707,6900235830
6594063707,6228996113
6594063707,6681751468
6594063707,6192253508
6594063707,5860442435
6594063707,6549180247
6594063707,6929759067
6594063707,6116619470
6594063707,6631780617
6594063707,6530428467
6594063707,6084132174
6594063707,6598072442
6116619470,6346272224
6116619470,5090371143
6192253508,6067995561
6192253508,6598072442
6192253508,6681751468
6192253508,6525483543
6192253508,6273300250
6192253508,7312688069
6192253508,6594063707
6192253508,6116619470
6192253508,6417760876
6192253508,6631780617
6192253508,6895103112
6192253508,6549180247
6192253508,5719238757
2240079881,6192253508
6816809614,6631780617
6631780617,6816809614
6019532424,6984784935
6019532424,6549180247
6019532424,6598072442
6019532424,6631780617
6019532424,6067995561
6530428467,6019532424
6116619470,6019532424
5138581344,6019532424
6530428467,6631780617
6530428467,5719238757
6530428467,6594063707
6530428467,6507937169
6530428467,6895103112
6900235830,6594063707
6900235830,6019532424
6900235830,6273300250
6900235830,7277149259
6884467313,6900235830
6228996113,6594063707
6228996113,6631780617
7312688069,6228996113
6901256861,6228996113
6901256861,6084132174
6901256861,5090371143
6901256861,6631780617
6195345658,6901256861
6428709118,6901256861
6331123467,6901256861
3739834537,6030901173
3739834537,3866819060
3739834537,5090371143
6030901173,3739834537
6689547452,3739834537
6549180247,3739834537
6346272224,6116619470
6346272224,6549180247
6346272224,6631780617
6030901173,5850300383
6030901173,6631780617
6822963795,1038232404
6822963795,6348377231
6822963795,6438043310
6822963795,6585504054
6438043310,6822963795
7081579538,5963989188
7081579538,6587233488
5569111675,6660070716
6622395790,6622395790
6691263860,1088908201
6691263860,6505846123
6691263860,6519865993
6691263860,1978983342
3204713113,6067995561
7204386571,2705409913
1377448687,6791011271
6975144892,6791011271
6791011271,6791011271
6519865993,6615514647
5591317717,6615514647
5242168886,6719952315
7276463016,5907983151
5804722903,5907983151
7276463016,2627713262
6524124751,2627713262
7276463016,2998644231
6524124751,2998644231
6606056689,2998644231
6676012063,6737502021
6524679501,6665135780
6524679501,1978983342
6524679501,6806278620
6524679501,6598072442
6524679501,6737502021
7292457642,6859581377
6900848129,6590605444
5718776553,6590605444
6522612508,6522612508
6571430934,6563198270
1531592332,6536044323
6462725347,6462725347
6519865993,5963358755
6822963795,5261156209
7328944311,5261156209
5261156209,5261156209
2290973964,5261156209
6348377231,5261156209
2240079881,6518134035
2240079881,6067995561
6522043594,6811585295
6522043594,6540699931
6522043594,6505846123
6505846123,6522043594
6577698338,7317419884
6577698338,6811585295
6577698338,5663887246
6577698338,6597053324
6577698338,6505846123
5569111675,3319077882
2775654317,2450673044
2775654317,6505846123
6195345658,2775654317
6505846123,2775654317
6643858133,5684386523
6763673864,2705409913
6763673864,2636639725
6763673864,6505846123
6763673864,5663887246
6505846123,6763673864
6130553109,2260115822
6130553109,6577587526
6130553109,6505846123
7323013517,6067995561
7301437218,6676561886
7301437218,6975144892
7301437218,7326430482
6809973681,1088908201
6809973681,6809973681
6896420249,6540699931
6896420249,6544908388
6896420249,6900042802
6896420249,6896420249
2846048854,5663887246
2846048854,6792296271
2846048854,6900042802
6792296271,2846048854
3789354574,6900042802
3789354574,6811585295
3789354574,6605147337
5997341346,6900042802
6900042802,6195145046
7006278867,6606056689
7006278377,6606056689
7277149259,6606056689
5944608846,6606056689
5812623932,6606056689
5968747080,6606056689
6861132061,6606056689
6962411092,6606056689
6299052031,6606056689
7312075970,6606056689
6671162487,6606056689
6914815732,6606056689
6636632827,6606056689
7243509219,6606056689
5668664377,6606056689
7294925274,6606056689
6983040533,6606056689
6625359105,6606056689
6528690527,6606056689
6470105405,6606056689
6900042802,6638845715
6792296271,6638845715
2705409913,6638845715
6792296271,5684386523
1632158584,6792296271
5963358755,5454105402
1238297255,5454105402
6979333101,5454105402
5455618225,5569111675
5189843960,6811585295
6606056689,6811585295
3952817986,6562118415
1111678824,6562118415
6505846123,5284095522
6162511924,6559203183
7314581310,7314581310
5038129500,6232549202
5038129500,6590324248
6232549202,5038129500
5666850126,6067995561
6493031689,5666850126
6493031689,6017384566
2604228192,6493031689
2960350441,6493031689
6493031689,2960350441
6718183638,6866987438
6718183638,5626324702
7300793908,3739834537
7300793908,5626324702
7300793908,7276912012
7293860525,7300793908
1111678824,5626324702
1111678824,6607899007
1111678824,6606349558
1111678824,1038232404
1111678824,6028205615
1111678824,6067995561
6607899007,1111678824
1038232404,1111678824
2290973964,5626324702
2290973964,6835025178
6348377231,2290973964
5189843960,5626324702
5189843960,5118606182
6480656624,7309797688
6480656624,6575883913
6480656624,5626324702
6480656624,5454105402
5365077344,6480656624
6601866304,3861020052
6601866304,5626324702
6601866304,1038232404
2020710153,5626324702
1377448687,5626324702
1377448687,6086236019
1377448687,7018882733
6102910398,6590324248
6102910398,5626324702
7006277989,5626324702
7006277989,6606986966
7006277989,6606981467
7006277989,6981421483
7006278377,5626324702
7006278377,6606986966
7006278377,6606981467
7006278377,6981421483
7006278377,6606349558
6981141975,6284034593
6981141975,5626324702
6981141975,7300793908
6676012063,7279389624
6727594230,6676012063
6438043310,6676012063
6676012063,6676012063
6675091644,6676012063
6086236019,1377448687
6086236019,5626324702
6086236019,7221073606
6086236019,5233058997
6086236019,6086236019
6538399286,6086236019
5428460010,5721798865
5428460010,6896952392
5428460010,5626324702
5721798865,5428460010
6585504054,5428460010
6524124751,6606981467
6524124751,6869635005
6524124751,5626324702
6839002588,5626324702
6839094479,5626324702
6839094479,6299052031
6839094479,6964114120
6839094479,3162669321
6626415304,6438043310
6626415304,5626324702
3713482021,5626324702
5966827924,5626324702
6406592045,5626324702
5626324702,6406592045
5935412351,6571140936
5935412351,5626324702
5935412351,2526386883
6571140936,5935412351
6295627602,6477975889
6295627602,5668664377
6295627602,5626324702
7023407520,6295627602
5973319047,6523905982
5973319047,6786452930
5973319047,5626324702
6585504054,6067995561
6079565845,6480509904
6079565845,5684386523
6079565845,6981141975
6079565845,5626324702
6079565845,6102910398
6079565845,6032709179
6079565845,5591317717
6480509904,6079565845
6981141975,6079565845
6102910398,6079565845
6331491308,6606349558
6607899007,6718183638
6607899007,5663887246
6607899007,6474576196
6607899007,6540699931
6607899007,6859950754
6607899007,5428460010
6607899007,7324227506
6607899007,6571140936
6607899007,6885732860
6607899007,6607899007
5782663903,5626324702
3195597934,5626324702
5138581344,6428709118
5138581344,6471112467
5138581344,5569111675
6858782097,6858782097
7326418975,6242953198
7326430482,6242953198
5963358755,6519865993
7221073606,7160641656
6896952392,5365077344
6074354602,5365077344
6526730542,7336397471
6733525803,6428709118
6733525803,6571949164
6733525803,1038232404
6733525803,6474576196
6195345658,5569111675
6195345658,2702462273
6660990707,7350333035
6665135780,7350333035
6345233528,1088908201
2634338191,1088908201
2634338191,6575173808
2634338191,2526386883
2634338191,3319077882
2634338191,6444435456
2634338191,5450915701
7246208317,1088908201
7246208317,7246208317
6571949164,1088908201
6727594230,1088908201
6689547452,6727594230
3861020052,7326430482
3861020052,1088908201
3861020052,6601866304
6428709118,3861020052
7326430482,3861020052
6676561886,3861020052
3861020052,3861020052
6607899007,3861020052
5721798865,3861020052
7287544119,7336397471
7287544119,1088908201
5671049614,6605147337
5671049614,1853590434
5671049614,7279389624
5671049614,1088908201
5671049614,5591317717
7277878910,1088908201
6745916683,6067995561
6086530419,1088908201
6884467313,6086530419
6499649034,6067995561
6499649034,6499649034
5096383765,1088908201
6660990707,1088908201
6303392348,6067995561
6303392348,7324227506
6303392348,5663887246
6303392348,1088908201
5815692304,6303392348
6979333101,1088908201
7349403983,1088908201
7326649717,7326255387
7326418975,7326255387
7326430482,7326255387
7340133011,7326255387
7336397471,7326649717
7326430482,7326649717
7326255387,7326649717
7326418975,7326649717
6242953198,7326418975
7301437218,7326418975
7340133011,7326418975
7336397471,7326418975
7326255387,7326418975
7326649717,7326418975
6242953198,7326430482
7354693910,7326430482
7340133011,7326430482
7336397471,7326430482
7326255387,7326430482
7326649717,7326430482
3952817986,6003463624
2803182212,6003463624
2920561822,6003463624
1583074153,6003463624
2810607850,6003463624
6109562315,6003463624
2240460394,6003463624
1318138681,1088908201
1092765341,1318138681
6259349797,1088908201
6259349797,6505846123
2705409913,6792296271
2705409913,1088908201
5573397816,2705409913
7326418975,2705409913
1632158584,2705409913
6665135780,2705409913
6195345658,2705409913
7350333035,2705409913
6345233528,2705409913
2634338191,2705409913
7246208317,2705409913
6571949164,2705409913
6727594230,2705409913
3861020052,2705409913
7287544119,2705409913
5671049614,2705409913
7277878910,2705409913
6745916683,2705409913
6086530419,2705409913
6499649034,2705409913
6547380717,2705409913
5096383765,2705409913
6660990707,2705409913
6303392348,2705409913
6979333101,2705409913
6505846123,6162511924
5793053853,1088908201
7322847570,1088908201
6505846123,1632158584
6597053324,1632158584
1038232404,1238297255
1038232404,7330076027
1038232404,6733525803
1038232404,5591317717
1038232404,2020710153
1038232404,6232549202
1038232404,1088908201
6232549202,1038232404
6800456314,6646424971
5915773274,6500130670
6500130670,5915773274
5915773274,5915773274
6588598388,6681751468
6588598388,6528690527
6588598388,5591317717
6975144892,7301437218
6523905982,6975144892
6859950754,6859204656
5804722903,6869635005
5804722903,6819062352
5804722903,6428709118
6859204656,5626324702
6859204656,6067995561
6798472831,6859204656
6507937169,5569111675
6606349558,6507937169
6116619470,6507937169
7238153463,7238153463
1978983342,7238153463
5668664377,6582633685
6676561886,6582633685
5668664377,7315086965
7018882733,7315086965
6606986966,6606349558
6606981467,6606349558
6606981467,6606986966
7276912012,6606349558
7276912012,6528690527
6438043310,5514901616
6438043310,6626415304
6438043310,7239094773
6438043310,3162669321
6571140936,6606349558
6571140936,6885732860
6500130670,5569111675
6500130670,6606349558
6500130670,6528690527
1853590434,6622536320
1853590434,5671049614
1853590434,2702462273
1853590434,1393078401
6840063621,7317419884
6519865993,7004412910
5963358755,7004412910
7221073606,7004412910
1038232404,7004412910
1111678824,7004412910
6981421483,6606986966
6981421483,7006278867
6981421483,7006277989
6981421483,7006278377
6981421483,6606981467
6981421483,6606349558
6981421483,6607899007
6606986966,6981421483
6606981467,6981421483
7006278867,6606986966
7006278867,6606981467
7006278867,6981421483
7006278867,6606349558
6892834054,7006278867
5647440925,7277149259
5030822093,7277149259
6190162173,7277149259
5944608846,6675091644
5944608846,6606349558
5944608846,6874750714
5944608846,6474576196
5944608846,6861132061
5812623932,6606349558
5812623932,6900235830
6428709118,5812623932
5968747080,6067995561
6861132061,6675091644
6861132061,6534263419
6861132061,6809973681
6884467313,6861132061
6606349558,6962411092
6615514647,6962411092
6299052031,7279389624
6299052031,6606349558
6299052031,6981141975
6299052031,6839094479
2871034474,6299052031
7312075970,7339126957
7312075970,6606349558
6625359105,6914815732
6606349558,6914815732
6636632827,6067995561
6636632827,6606349558
6606349558,7243509219
5668664377,6295627602
5668664377,6606349558
5668664377,5315220766
6606349558,5668664377
7160641656,5668664377
7294925274,7239094773
7239094773,7294925274
6606349558,7294925274
6606349558,6983040533
6625359105,6606349558
6914815732,6625359105
6606349558,6625359105
5591317717,6625359105
6625359105,6625359105
6528690527,6859715291
6528690527,6588598388
6528690527,6558341379
5318472909,5536328577
2919854830,2919854830
6631780617,6529218955
6900848129,6529218955
3269917492,6529218955
6676468845,6529218955
6677350787,6529218955
6733028770,6529218955
6574438231,6529218955
5835710494,6529218955
6540560793,6529218955
6602608718,6529218955
6652737792,6529218955
6635944136,6529218955
5537434794,6529218955
2921826733,6529218955
6493076170,6529218955
6509392064,6529218955
6525428089,6529218955
5186237845,6529218955
6604316539,6529218955
6574433636,6529218955
6574435132,6529218955
6539668339,6529218955
6509569545,6529218955
5319484212,6529218955
6540699931,6529218955
5061891767,6529218955
7388097832,7343042580
6022478547,7343042580
6785955517,7290404537
6936293747,7290404537
3162669321,7249230086
7207416147,7249230086
7221073606,6892834054
6616933342,6892834054
6140868128,6892834054
6613584337,6892834054
3118472937,6892834054
6074349780,6892834054
2283584743,6892834054
5984421315,6892834054
6888481697,6892834054
7293860525,6892834054
5844603358,6582087265
5994640926,6582087265
6096280483,6582087265
6619225658,6582087265
6582199750,6582087265
6478331604,6582087265
6348916274,6582087265
6971798816,6582087265
6522449006,6582087265
6570496011,6582087265
7347414871,6242181166
7184509035,5750111375
6515540999,5750111375
7438219134,5750111375
5992041688,5750111375
6765231058,5750111375
1672397230,5750111375
7380768914,5750111375
7282601243,5750111375
6583732352,5750111375
6538399286,5750111375
7367272594,5750111375
6533894546,6531540402
2615580525,6531540402
6604012775,6531540402
5225055235,6531540402
7126667835,5647440925
6576279421,5647440925
6140495359,5647440925
6985113678,6768593071
2261168894,6768593071
2526386883,6768593071
5815692304,6768593071
1238297255,6768593071
5327000422,6768593071
1092765341,6768593071
6863236293,6768593071
6449160037,6986187403
7406264354,6986187403
5603305189,6986187403
6442543337,6986187403
6923640688,6986187403
6258370203,6986187403
3807412201,2599705043
6048474328,2599705043
6392706465,2599705043
6331123467,2599705043
6592274981,2599705043
5266895437,2599705043
6422777623,2599705043
3843306722,2599705043
3948475410,2599705043
2919284660,2599705043
2028273357,2599705043
5000363186,2599705043
3044004234,2599705043
3044062964,2599705043
3045070930,2599705043
5716387899,2599705043
2759217991,2599705043
2292706535,2599705043
3292557585,2599705043
5983427647,2599705043
6207651100,2599705043
2310835720,2599705043
6921953504,2599705043
5139353651,2599705043
2274780754,2599705043
5969517998,2599705043
6187260893,2599705043
7075891805,2599705043
7039672908,2599705043
5963975895,2599705043
7076423351,2599705043
2958263812,2599705043
6180678166,5573397816
2274841294,5573397816
6828271282,5573397816
6923513829,5573397816
6923226838,5573397816
3066189552,5573397816
6195194034,5573397816
6523905982,5573397816
6986230311,5573397816
6575173808,5573397816
5886500462,5573397816
5355295871,5573397816
7093502733,5573397816
6852775347,5573397816
3285540115,5573397816
2871034474,5573397816
2618791451,5573397816
1849245092,5573397816
6643813483,5573397816
1955901042,5573397816
6137686451,5573397816
6074658704,5573397816
2964054544,5573397816
5975187105,5573397816
6105819183,5573397816
2699035314,5573397816
1961929303,5573397816
5373730992,5573397816
2382095973,5573397816
3275147971,5573397816
5449716296,5573397816
5896850983,5573397816
3319077882,6509278477
6692499506,6509278477
6589681470,6509278477
6487944693,6509278477
5660550147,6509278477
6611308697,6509278477
6428709118,6509278477
2299300381,6509278477
5258503297,6509278477
5091578752,6509278477
6195134030,6509278477
6158234729,6509278477
6574135119,6509278477
6765738661,6509278477
6032709179,6509278477
5514901616,6509278477
6148822326,6509278477
7354693910,6509278477
2669012691,6509278477
6074354602,6509278477
6874750714,6509278477
6819062352,6509278477
1281946895,6509278477
6183065852,6509278477
1079060371,6509278477
7330076027,6509278477
7040289367,6509278477
5989569259,6509278477
3974864933,6509278477
6087909354,6509278477
5309058486,3563301530
6244060786,3563301530
6708421840,3563301530
7224644689,3563301530
3021881635,3563301530
5967588251,3563301530
6179118180,3563301530
6002565760,3563301530
7305013922,3563301530
1048134783,3563301530
5990173941,3563301530
7039648475,3563301530
2955823640,3563301530
6554006505,3563301530
6498441235,3563301530
7202203804,3563301530
5894094776,3563301530
5989248691,3563301530
5972019735,3563301530
6537906686,3563301530
2803182212,3952817986
2920561822,3952817986
1583074153,3952817986
2810607850,3952817986
6109562315,3952817986
2240460394,3952817986
2315422803,6612579736
6869506871,6612579736
7040888857,6612579736
7041586073,6612579736
6965244270,6612579736
3815456758,6612579736
6693332597,6612579736
6899429714,6612579736
6937986751,6612579736
6064227148,6612579736
6895614215,6612579736
5450915701,6612579736
6661956199,6612579736
5212554470,6612579736
3820990965,6612579736
3837167350,6612579736
5722553988,6612579736
5663887246,6631780617
3477730300,6631780617
6556916674,6631780617
3866819060,6631780617
6329847202,6631780617
1839265283,6631780617
6965821512,6631780617
7312695419,6631780617
6597053324,6631780617
7312688069,6631780617
6116619470,6631780617
6900235830,6631780617
3739834537,6631780617
6822963795,6631780617
5907983151,6859581377
2627713262,6859581377
2998644231,6859581377
6737502021,6859581377
6577587526,6859581377
7041294584,6859581377
6524679501,6859581377
6654065615,1531592332
6662961191,1531592332
5214302002,1531592332
7301437218,6900042802
6809973681,6900042802
7081664517,6900042802
7296625210,6900042802
6722669824,6900042802
6676561886,6900042802
5997617203,6900042802
6195145046,6900042802
6606056689,6900042802
6612579736,6900042802
6638845715,6900042802
6792296271,6900042802
2746344501,6900042802
6884467313,6900042802
7040275704,6900042802
5454105402,6900042802
5131056286,6900042802
6888545502,6900042802
2850773864,6493031689
6676012063,5626324702
7301397666,5626324702
6331204133,5626324702
6606349558,5626324702
6585504054,5626324702
6331491308,5626324702
7239094773,5626324702
6607899007,5626324702
5138581344,5626324702
7246794020,5626324702
6858782097,5626324702
6665135780,1088908201
6195345658,1088908201
7350333035,1088908201
6745916683,1088908201
6499649034,1088908201
6547380717,1088908201
7340133011,1088908201
7336397471,1088908201
7326255387,1088908201
7326649717,1088908201
2654194677,1088908201
7326418975,1088908201
7326430482,1088908201
6003463624,1088908201
6162511924,1088908201
1632158584,1088908201
7315086965,6606349558
6438043310,6606349558
6289111400,6606349558
7339126957,6606349558
7040295283,6606349558
1853590434,6606349558
6675091644,6606349558
7317419884,6606349558
6480509904,6606349558
6558341379,6606349558
7004412910,6606349558
6840063621,6606349558
7277149259,6606349558
5968747080,6606349558
6861132061,6606349558
6962411092,6606349558
6671162487,6606349558
6914815732,6606349558
7243509219,6606349558
7294925274,6606349558
6983040533,6606349558
6528690527,6606349558
6470105405,6606349558
